Corrected,Uncorrected,BC
0.91934454562806,0.0806554543719402,FirstBC
0.965244852769838,0.034755147230162,SecondBC
0.951747242105707,0.0482527578942931,ThirdBC
