BarcodesWithErrors,ErrorFreeBarcodes,BCRound
0.325715563636152,0.674284436363848,BC1
0.289346488183579,0.710653511816421,BC2
0.297323624999637,0.702676375000363,BC3
