BarcodesWithErrors,ErrorFreeBarcodes,BCRound
0.297381859314312,0.702618140685689,BC1
0.303830314413415,0.696169685586585,BC2
0.315959077427129,0.684040922572872,BC3
