Corrected,Uncorrected,BC
0.911817001588689,0.0881829984113108,FirstBC
0.968767008704391,0.0312329912956095,SecondBC
0.957125140498796,0.0428748595012039,ThirdBC
