BarcodesWithErrors,ErrorFreeBarcodes,BCRound
0.121920614596671,0.878079385403329,BC1
0.163700384122919,0.836299615877081,BC2
0.163277848911652,0.836722151088348,BC3
