Corrected,Uncorrected,BC
0.933265044814341,0.0667349551856594,FirstBC
0.993879641485275,0.00612035851472471,SecondBC
0.983802816901408,0.0161971830985915,ThirdBC
