BarcodesWithErrors,ErrorFreeBarcodes,BCRound
0.24317592837966,0.75682407162034,BC1
0.272722125773303,0.727277874226697,BC2
0.273457188653293,0.726542811346707,BC3
