Corrected,Uncorrected,BC
0.923692860755302,0.0763071392446979,FirstBC
0.978636551132544,0.021363448867456,SecondBC
0.968487449931275,0.0315125500687248,ThirdBC
